Simulation Name, Simulation id
singlePolarization, 0
Simulation Name, Simulation id
singlePolarization, 0
Simulation Name, Simulation id
singlePolarization, 0
Simulation Name, Simulation id
singlePolarization, 0
Simulation Name, Simulation id
singlePolarization, 0
Simulation Name, Simulation id
singlePolarization, 0
Simulation Name, Simulation id
singlePolarization, 0
Simulation Name, Simulation id
singlePolarization, 0
Simulation Name, Simulation id
singlePolarization, 0
Simulation Name, Simulation id
singlePolarization, 0
Simulation Name, Simulation id
singlePolarization, 0
Simulation Name, Simulation id
singlePolarization, 0
Simulation Name, Simulation id
singlePolarization, 0
Simulation Name, Simulation id
singlePolarization, 0
Simulation Name, Simulation id
singlePolarization, 0
Simulation Name, Simulation id
singlePolarization, 0
Simulation Name, Simulation id
singlePolarization, 0
Simulation Name, Simulation id
singlePolarization, 0
Simulation Name, Simulation id
singlePolarization, 0
Simulation Name, Simulation id
singlePolarization, 0
Simulation Name, Simulation id
singlePolarization, 0
Simulation Name, Simulation id
singlePolarization, 0
Simulation Name, Simulation id
singlePolarization, 0
Simulation Name, Simulation id
singlePolarization, 0
Simulation Name, Simulation id
singlePolarization, 0
Simulation Name, Simulation id
singlePolarization, 0
Simulation Name, Simulation id
singlePolarization, 0
Simulation Name, Simulation id
singlePolarization, 0
Simulation Name, Simulation id
singlePolarization, 0
Simulation Name, Simulation id
singlePolarization, 0
Simulation Name, Simulation id
singlePolarization, 0
Simulation Name, Simulation id
singlePolarization, 0
Simulation Name, Simulation id
singlePolarization, 0
Simulation Name, Simulation id
singlePolarization, 0
Simulation Name, Simulation id
singlePolarization, 0
Simulation Name, Simulation id
singlePolarization, 0
Simulation Name, Simulation id
singlePolarization, 0
Simulation Name, Simulation id
singlePolarization, 0
Simulation Name, Simulation id
singlePolarization, 0
Simulation Name, Simulation id
singlePolarization, 0
Simulation Name, Simulation id
singlePolarization, 0
Simulation Name, Simulation id
singlePolarization, 0
Simulation Name, Simulation id
singlePolarization, 0
Simulation Name, Simulation id
singlePolarization, 0
Simulation Name, Simulation id
singlePolarization, 0
Simulation Name, Simulation id
singlePolarization, 0
Simulation Name, Simulation id
singlePolarization, 0
Simulation Name, Simulation id
singlePolarization, 0
Simulation Name, Simulation id
singlePolarization, 0
Simulation Name, Simulation id
singlePolarization, 0
Simulation Name, Simulation id
singlePolarization, 0
Simulation Name, Simulation id
singlePolarization, 0
Simulation Name, Simulation id
singlePolarization, 0
Simulation Name, Simulation id
singlePolarization, 0
Simulation Name, Simulation id
singlePolarization, 0
Simulation Name, Simulation id
singlePolarization, 0
Simulation Name, Simulation id
singlePolarization, 0
Simulation Name, Simulation id
singlePolarization, 0
Simulation Name, Simulation id
singlePolarization, 0
Simulation Name, Simulation id
singlePolarization, 0
Simulation Name, Simulation id
singlePolarization, 0
Simulation Name, Simulation id
singlePolarization, 0
Simulation Name, Simulation id
singlePolarization, 0
Simulation Name, Simulation id
singlePolarization, 0
Simulation Name, Simulation id
singlePolarization, 0
Simulation Name, Simulation id
singlePolarization, 0
Simulation Name, Simulation id
singlePolarization, 0
Simulation Name, Simulation id
singlePolarization, 0
Simulation Name, Simulation id
singlePolarization, 0
Simulation Name, Simulation id
singlePolarization, 0
Simulation Name, Simulation id
singlePolarization, 0
Simulation Name, Simulation id
singlePolarization, 0
Simulation Name, Simulation id
singlePolarization, 0
Simulation Name, Simulation id
singlePolarization, 0
Simulation Name, Simulation id
singlePolarization, 0
Simulation Name, Simulation id
singlePolarization, 0
Simulation Name, Simulation id
singlePolarization, 0
Simulation Name, Simulation id
singlePolarization, 0
Simulation Name, Simulation id
singlePolarization, 0
Simulation Name, Simulation id
singlePolarization, 0
Simulation Name, Simulation id
singlePolarization, 0
